frame; timings; with call
0;737;747;
1;596;606;
2;533;543;
3;567;577;
4;219;229;
5;494;504;
6;219;229;
7;568;578;
8;219;229;
9;494;504;
10;500;510;
11;494;504;
12;219;229;
13;675;685;
14;607;617;
15;645;655;
16;568;578;
17;568;578;
18;219;229;
19;641;651;
20;607;617;
21;645;655;
22;568;578;
23;568;578;
24;219;229;
25;709;719;
26;601;611;
27;709;719;
28;676;686;
29;528;538;
30;583;593;
31;704;714;
32;635;645;
33;567;577;
34;602;612;
35;583;593;
36;583;593;
37;636;646;
38;533;543;
39;669;679;
40;534;544;
41;562;572;
42;219;229;
43;704;714;
44;669;679;
45;567;577;
46;528;538;
47;670;680;
48;637;647;
49;675;685;
50;645;655;
51;645;655;
52;607;617;
53;583;593;
54;219;229;
55;709;719;
56;567;577;
57;611;621;
58;583;593;
59;219;229;
60;219;229;
61;719;729;
62;611;621;
63;635;645;
64;615;625;
65;670;680;
66;273;283;
67;719;729;
68;679;689;
69;611;621;
70;670;680;
71;237;247;
72;273;283;
73;709;719;
74;645;655;
75;645;655;
76;607;617;
77;670;680;
78;273;283;
79;709;719;
80;679;689;
81;611;621;
82;670;680;
83;237;247;
84;273;283;
85;719;729;
86;611;621;
87;601;611;
88;615;625;
89;670;680;
90;273;283;
91;698;708;
92;679;689;
93;698;708;
94;601;611;
95;237;247;
96;273;283;
97;675;685;
98;645;655;
99;645;655;
100;694;704;
101;601;611;
102;273;283;
103;709;719;
104;766;776;
105;665;675;
106;670;680;
107;237;247;
108;273;283;
109;719;729;
110;611;621;
111;635;645;
112;615;625;
113;670;680;
114;273;283;
115;719;729;
116;766;776;
117;665;675;
118;670;680;
119;237;247;
120;273;283;
121;709;719;
122;528;538;
123;528;538;
124;639;649;
125;670;680;
126;273;283;
127;709;719;
128;679;689;
129;698;708;
130;601;611;
131;237;247;
132;273;283;
133;719;729;
134;643;653;
135;601;611;
136;615;625;
137;670;680;
138;273;283;
139;698;708;
140;645;655;
141;494;504;
142;670;680;
143;237;247;
144;273;283;
145;762;772;
146;663;673;
147;663;673;
148;625;635;
149;601;611;
150;273;283;
151;709;719;
152;766;776;
153;665;675;
154;670;680;
155;237;247;
156;273;283;
157;719;729;
158;698;708;
159;689;699;
160;615;625;
161;670;680;
162;273;283;
163;719;729;
164;766;776;
165;665;675;
166;670;680;
167;237;247;
168;273;283;
169;796;806;
170;663;673;
171;663;673;
172;661;671;
173;670;680;
174;273;283;
175;709;719;
176;766;776;
177;665;675;
178;670;680;
179;237;247;
180;273;283;
181;719;729;
182;698;708;
183;655;665;
184;615;625;
185;670;680;
186;273;283;
187;785;795;
188;733;743;
189;698;708;
190;601;611;
191;237;247;
192;273;283;
193;675;685;
194;732;742;
195;699;709;
196;694;704;
197;601;611;
198;273;283;
199;741;751;
200;766;776;
201;665;675;
202;670;680;
203;237;247;
204;273;283;
205;719;729;
206;698;708;
207;689;699;
208;615;625;
209;670;680;
210;273;283;
211;796;806;
212;697;707;
213;665;675;
214;670;680;
215;237;247;
216;273;283;
217;709;719;
218;732;742;
219;699;709;
220;607;617;
221;583;593;
222;219;229;
223;709;719;
224;679;689;
225;611;621;
226;583;593;
227;670;680;
228;273;283;
229;719;729;
230;643;653;
231;601;611;
232;615;625;
233;670;680;
234;273;283;
235;698;708;
236;679;689;
237;643;653;
238;615;625;
239;670;680;
240;273;283;
241;709;719;
242;645;655;
243;645;655;
244;607;617;
245;670;680;
246;273;283;
247;709;719;
248;654;664;
249;665;675;
250;615;625;
251;670;680;
252;273;283;
253;719;729;
254;643;653;
255;635;645;
256;615;625;
257;670;680;
258;273;283;
259;719;729;
260;766;776;
261;629;639;
262;637;647;
263;670;680;
264;273;283;
265;709;719;
266;732;742;
267;699;709;
268;694;704;
269;601;611;
270;273;283;
271;709;719;
272;679;689;
273;643;653;
274;615;625;
275;670;680;
276;273;283;
277;719;729;
278;611;621;
279;601;611;
280;615;625;
281;670;680;
282;273;283;
283;698;708;
284;679;689;
285;643;653;
286;615;625;
287;670;680;
288;273;283;
289;709;719;
290;732;742;
291;699;709;
292;639;649;
293;670;680;
294;273;283;
295;709;719;
296;766;776;
297;629;639;
298;637;647;
299;670;680;
300;273;283;
301;719;729;
302;643;653;
303;635;645;
304;615;625;
305;670;680;
306;273;283;
307;751;761;
308;711;721;
309;643;653;
310;615;625;
311;670;680;
312;273;283;
313;709;719;
314;528;538;
315;528;538;
316;694;704;
317;601;611;
318;273;283;
319;709;719;
320;679;689;
321;643;653;
322;615;625;
323;670;680;
324;273;283;
325;719;729;
326;643;653;
327;633;643;
328;615;625;
329;670;680;
330;273;283;
331;698;708;
332;645;655;
333;494;504;
334;615;625;
335;670;680;
336;273;283;
337;796;806;
338;663;673;
339;663;673;
340;661;671;
341;670;680;
342;273;283;
343;709;719;
344;711;721;
345;643;653;
346;615;625;
347;670;680;
348;273;283;
349;751;761;
350;643;653;
351;667;677;
352;615;625;
353;670;680;
354;273;283;
355;751;761;
356;766;776;
357;629;639;
358;637;647;
359;670;680;
360;273;283;
361;741;751;
362;732;742;
363;699;709;
364;694;704;
365;601;611;
366;273;283;
367;709;719;
368;711;721;
369;643;653;
370;615;625;
371;670;680;
372;273;283;
373;719;729;
374;698;708;
375;655;665;
376;615;625;
377;670;680;
378;273;283;
379;785;795;
380;733;743;
381;643;653;
382;615;625;
383;670;680;
384;273;283;
385;709;719;
386;732;742;
387;699;709;
388;639;649;
389;670;680;
390;273;283;
391;741;751;
392;766;776;
393;629;639;
394;637;647;
395;670;680;
396;273;283;
397;719;729;
398;643;653;
399;667;677;
400;615;625;
401;670;680;
402;273;283;
403;796;806;
404;733;743;
405;643;653;
406;615;625;
407;670;680;
408;273;283;
409;709;719;
410;732;742;
411;699;709;
412;641;651;
413;528;538;
414;219;229;
415;709;719;
416;679;689;
417;643;653;
418;617;627;
419;583;593;
420;219;229;
421;719;729;
422;643;653;
423;633;643;
424;649;659;
425;615;625;
426;273;283;
427;698;708;
428;679;689;
429;643;653;
430;704;714;
431;601;611;
432;273;283;
433;709;719;
434;732;742;
435;699;709;
436;641;651;
437;615;625;
438;273;283;
439;709;719;
440;654;664;
441;665;675;
442;704;714;
443;601;611;
444;273;283;
445;719;729;
446;643;653;
447;635;645;
448;649;659;
449;615;625;
450;273;283;
451;751;761;
452;766;776;
453;643;653;
454;635;645;
455;601;611;
456;273;283;
457;709;719;
458;732;742;
459;699;709;
460;728;738;
461;546;556;
462;273;283;
463;709;719;
464;679;689;
465;643;653;
466;704;714;
467;601;611;
468;273;283;
469;719;729;
470;698;708;
471;655;665;
472;649;659;
473;615;625;
474;273;283;
475;698;708;
476;679;689;
477;643;653;
478;704;714;
479;601;611;
480;273;283;
481;709;719;
482;732;742;
483;699;709;
484;673;683;
485;615;625;
486;273;283;
487;709;719;
488;766;776;
489;643;653;
490;635;645;
491;601;611;
492;237;247;
493;773;783;
494;643;653;
495;635;645;
496;649;659;
497;615;625;
498;273;283;
499;751;761;
500;711;721;
501;643;653;
502;704;714;
503;601;611;
504;273;283;
505;709;719;
506;615;625;
507;582;592;
508;728;738;
509;546;556;
510;273;283;
511;709;719;
512;679;689;
513;643;653;
514;704;714;
515;601;611;
516;273;283;
517;719;729;
518;643;653;
519;633;643;
520;649;659;
521;615;625;
522;273;283;
523;698;708;
524;645;655;
525;526;536;
526;704;714;
527;601;611;
528;273;283;
529;741;751;
530;732;742;
531;699;709;
532;673;683;
533;615;625;
534;273;283;
535;709;719;
536;711;721;
537;643;653;
538;704;714;
539;601;611;
540;273;283;
541;751;761;
542;643;653;
543;667;677;
544;649;659;
545;615;625;
546;273;283;
547;751;761;
548;766;776;
549;643;653;
550;635;645;
551;601;611;
552;273;283;
553;741;751;
554;732;742;
555;699;709;
556;728;738;
557;546;556;
558;273;283;
559;709;719;
560;711;721;
561;643;653;
562;704;714;
563;601;611;
564;273;283;
565;719;729;
566;698;708;
567;655;665;
568;649;659;
569;615;625;
570;273;283;
571;785;795;
572;733;743;
573;643;653;
574;704;714;
575;601;611;
576;273;283;
577;709;719;
578;732;742;
579;699;709;
580;673;683;
581;615;625;
582;273;283;
583;741;751;
584;766;776;
585;643;653;
586;635;645;
587;601;611;
588;237;247;
589;773;783;
590;643;653;
591;667;677;
592;649;659;
593;615;625;
594;273;283;
595;796;806;
596;733;743;
597;643;653;
598;704;714;
599;601;611;
600;273;283;
601;709;719;
602;645;655;
603;645;655;
604;607;617;
605;583;593;
606;219;229;
607;709;719;
608;679;689;
609;643;653;
610;583;593;
611;219;229;
612;219;229;
613;719;729;
614;643;653;
615;633;643;
616;615;625;
617;670;680;
618;273;283;
619;698;708;
620;679;689;
621;611;621;
622;670;680;
623;237;247;
624;273;283;
625;709;719;
626;732;742;
627;699;709;
628;607;617;
629;670;680;
630;273;283;
631;709;719;
632;654;664;
633;665;675;
634;670;680;
635;237;247;
636;273;283;
637;719;729;
638;611;621;
639;635;645;
640;615;625;
641;670;680;
642;273;283;
643;751;761;
644;766;776;
645;643;653;
646;601;611;
647;237;247;
648;273;283;
649;709;719;
650;732;742;
651;699;709;
652;694;704;
653;601;611;
654;273;283;
655;709;719;
656;679;689;
657;643;653;
658;670;680;
659;237;247;
660;273;283;
661;719;729;
662;698;708;
663;655;665;
664;615;625;
665;670;680;
666;273;283;
667;698;708;
668;679;689;
669;643;653;
670;670;680;
671;237;247;
672;273;283;
673;709;719;
674;732;742;
675;699;709;
676;639;649;
677;670;680;
678;273;283;
679;709;719;
680;766;776;
681;643;653;
682;601;611;
683;237;247;
684;237;247;
685;773;783;
686;643;653;
687;635;645;
688;615;625;
689;670;680;
690;273;283;
691;719;729;
692;711;721;
693;643;653;
694;670;680;
695;237;247;
696;273;283;
697;709;719;
698;560;570;
699;528;538;
700;642;652;
701;583;593;
702;219;229;
703;636;646;
704;611;621;
705;643;653;
706;670;680;
707;237;247;
708;273;283;
709;596;606;
710;567;577;
711;567;577;
712;528;538;
713;528;538;
714;583;593;
715;630;640;
716;528;538;
717;528;538;
718;528;538;
719;583;593;
720;583;593;
721;641;651;
722;567;577;
723;567;577;
724;568;578;
725;528;538;
726;583;593;
727;630;640;
728;567;577;
729;567;577;
730;528;538;
731;583;593;
732;583;593;
733;630;640;
734;567;577;
735;567;577;
736;528;538;
737;528;538;
738;583;593;
739;630;640;
740;567;577;
741;567;577;
742;528;538;
743;583;593;
744;583;593;
745;641;651;
746;567;577;
747;567;577;
748;568;578;
749;583;593;
750;583;593;
751;630;640;
752;567;577;
753;567;577;
754;528;538;
755;583;593;
756;583;593;
757;630;640;
758;567;577;
759;567;577;
760;528;538;
761;583;593;
762;583;593;
763;630;640;
764;567;577;
765;567;577;
766;528;538;
767;583;593;
768;583;593;
769;709;719;
770;499;509;
771;533;543;
772;500;510;
773;193;203;
774;219;229;
775;528;538;
776;219;229;
777;219;229;
778;219;229;
779;219;229;
780;193;203;
781;562;572;
782;533;543;
783;499;509;
784;494;504;
785;219;229;
786;219;229;
787;562;572;
788;219;229;
789;219;229;
790;494;504;
791;219;229;
792;193;203;
793;702;712;
794;562;572;
795;602;612;
796;676;686;
797;615;625;
798;615;625;
799;636;646;
800;651;661;
801;219;229;
802;689;699;
803;601;611;
804;637;647;
805;568;578;
806;219;229;
807;651;661;
808;566;576;
809;528;538;
810;219;229;
811;636;646;
812;596;606;
813;219;229;
814;560;570;
815;670;680;
816;637;647;
817;636;646;
818;651;661;
819;645;655;
820;725;735;
821;617;627;
822;636;646;
823;670;680;
824;685;695;
825;219;229;
826;615;625;
827;583;593;
828;219;229;
829;651;661;
830;528;538;
831;611;621;
832;528;538;
833;583;593;
834;219;229;
835;664;674;
836;651;661;
837;193;203;
838;617;627;
839;219;229;
840;583;593;
841;709;719;
842;617;627;
843;219;229;
844;607;617;
845;306;316;
846;273;283;
847;670;680;
848;651;661;
849;193;203;
850;670;680;
851;237;247;
852;273;283;
853;651;661;
854;583;593;
855;577;587;
856;670;680;
857;237;247;
858;273;283;
859;719;729;
860;651;661;
861;193;203;
862;670;680;
863;237;247;
864;273;283;
865;704;714;
866;651;661;
867;611;621;
868;725;735;
869;649;659;
870;691;701;
871;670;680;
872;738;748;
873;247;257;
874;670;680;
875;237;247;
876;273;283;
877;651;661;
878;528;538;
879;645;655;
880;617;627;
881;583;593;
882;583;593;
883;596;606;
884;596;606;
885;219;229;
886;617;627;
887;306;316;
888;273;283;
889;725;735;
890;617;627;
891;577;587;
892;639;649;
893;219;229;
894;583;593;
895;757;767;
896;739;749;
897;219;229;
898;615;625;
899;583;593;
900;219;229;
901;683;693;
902;528;538;
903;609;619;
904;560;570;
905;583;593;
906;219;229;
907;664;674;
908;651;661;
909;193;203;
910;617;627;
911;306;316;
912;637;647;
913;675;685;
914;683;693;
915;698;708;
916;743;753;
917;649;659;
918;745;755;
919;702;712;
920;651;661;
921;193;203;
922;670;680;
923;237;247;
924;273;283;
925;651;661;
926;583;593;
927;645;655;
928;670;680;
929;273;283;
930;583;593;
931;719;729;
932;685;695;
933;219;229;
934;615;625;
935;583;593;
936;219;229;
937;709;719;
938;704;714;
939;237;247;
940;661;671;
941;306;316;
942;273;283;
943;670;680;
944;651;661;
945;193;203;
946;670;680;
947;237;247;
948;273;283;
949;738;748;
950;637;647;
951;611;621;
952;670;680;
953;273;283;
954;583;593;
955;702;712;
956;685;695;
957;219;229;
958;615;625;
959;583;593;
960;219;229;
961;675;685;
962;651;661;
963;698;708;
964;743;753;
965;649;659;
966;709;719;
967;724;734;
968;738;748;
969;247;257;
970;670;680;
971;237;247;
972;273;283;
973;725;735;
974;651;661;
975;645;655;
976;725;735;
977;649;659;
978;636;646;
979;670;680;
980;596;606;
981;645;655;
982;757;767;
983;562;572;
984;723;733;
985;709;719;
986;562;572;
987;577;587;
988;641;651;
989;583;593;
990;583;593;
991;704;714;
992;596;606;
993;193;203;
994;615;625;
995;670;680;
996;273;283;
997;683;693;
998;583;593;
999;609;619;
1000;615;625;
1001;670;680;
1002;273;283;
1003;719;729;
1004;651;661;
1005;219;229;
1006;615;625;
1007;219;229;
1008;583;593;
1009;725;735;
1010;596;606;
1011;645;655;
1012;725;735;
1013;562;572;
1014;691;701;
1015;725;735;
1016;596;606;
1017;193;203;
1018;528;538;
1019;583;593;
1020;219;229;
1021;596;606;
1022;583;593;
1023;611;621;
1024;617;627;
1025;219;229;
1026;583;593;
1027;664;674;
1028;635;645;
1029;219;229;
1030;617;627;
1031;583;593;
1032;583;593;
1033;702;712;
1034;649;659;
1035;577;587;
1036;607;617;
1037;306;316;
1038;637;647;
1039;670;680;
1040;685;695;
1041;219;229;
1042;615;625;
1043;583;593;
1044;219;229;
1045;669;679;
1046;670;680;
1047;631;641;
1048;615;625;
1049;670;680;
1050;273;283;
1051;719;729;
1052;651;661;
1053;193;203;
1054;615;625;
1055;670;680;
1056;273;283;
1057;670;680;
1058;738;748;
1059;665;675;
1060;757;767;
1061;617;627;
1062;723;733;
1063;725;735;
1064;651;661;
1065;193;203;
1066;615;625;
1067;670;680;
1068;273;283;
1069;683;693;
1070;528;538;
1071;645;655;
1072;617;627;
1073;583;593;
1074;583;593;
1075;651;661;
1076;651;661;
1077;193;203;
1078;615;625;
1079;670;680;
1080;273;283;
1081;670;680;
1082;649;659;
1083;219;229;
1084;607;617;
1085;670;680;
1086;273;283;
1087;670;680;
1088;651;661;
1089;193;203;
1090;615;625;
1091;670;680;
1092;273;283;
1093;683;693;
1094;615;625;
1095;611;621;
1096;615;625;
1097;219;229;
1098;583;593;
1099;719;729;
1100;685;695;
1101;219;229;
1102;615;625;
1103;583;593;
1104;219;229;
1105;757;767;
1106;596;606;
1107;643;653;
1108;670;680;
1109;562;572;
1110;723;733;
1111;670;680;
1112;596;606;
1113;219;229;
1114;617;627;
1115;583;593;
1116;528;538;
1117;719;729;
1118;615;625;
1119;645;655;
1120;615;625;
1121;306;316;
1122;637;647;
1123;719;729;
1124;685;695;
1125;306;316;
1126;615;625;
1127;601;611;
1128;273;283;
1129;670;680;
1130;562;572;
1131;219;229;
1132;607;617;
1133;583;593;
1134;219;229;
1135;704;714;
1136;596;606;
1137;306;316;
1138;635;645;
1139;637;647;
1140;528;538;
1141;596;606;
1142;615;625;
1143;698;708;
1144;615;625;
1145;237;247;
1146;637;647;
1147;751;761;
1148;630;640;
1149;219;229;
1150;617;627;
1151;583;593;
1152;583;593;
1153;702;712;
1154;683;693;
1155;643;653;
1156;663;673;
1157;649;659;
1158;723;733;
1159;675;685;
1160;738;748;
1161;247;257;
1162;617;627;
1163;670;680;
1164;273;283;
1165;669;679;
1166;615;625;
1167;643;653;
1168;617;627;
1169;670;680;
1170;273;283;
1171;719;729;
1172;651;661;
1173;193;203;
1174;617;627;
1175;670;680;
1176;273;283;
1177;702;712;
1178;562;572;
1179;577;587;
1180;675;685;
1181;670;680;
1182;273;283;
1183;725;735;
1184;651;661;
1185;193;203;
1186;704;714;
1187;601;611;
1188;273;283;
1189;683;693;
1190;615;625;
1191;609;619;
1192;704;714;
1193;601;611;
1194;273;283;
1195;719;729;
1196;651;661;
1197;219;229;
1198;704;714;
1199;637;647;
1200;649;659;
1201;725;735;
1202;628;638;
1203;645;655;
1204;670;680;
1205;596;606;
1206;691;701;
1207;670;680;
1208;596;606;
1209;193;203;
1210;562;572;
1211;528;538;
1212;219;229;
1213;596;606;
1214;615;625;
1215;611;621;
1216;562;572;
1217;560;570;
1218;583;593;
1219;664;674;
1220;651;661;
1221;219;229;
1222;704;714;
1223;637;647;
1224;649;659;
1225;709;719;
1226;704;714;
1227;273;283;
1228;641;651;
1229;670;680;
1230;273;283;
1231;670;680;
1232;651;661;
1233;193;203;
1234;704;714;
1235;601;611;
1236;273;283;
1237;738;748;
1238;637;647;
1239;611;621;
1240;704;714;
1241;637;647;
1242;649;659;
1243;702;712;
1244;685;695;
1245;219;229;
1246;649;659;
1247;528;538;
1248;219;229;
1249;709;719;
1250;738;748;
1251;665;675;
1252;702;712;
1253;562;572;
1254;723;733;
1255;670;680;
1256;683;693;
1257;193;203;
1258;704;714;
1259;601;611;
1260;273;283;
1261;738;748;
1262;582;592;
1263;645;655;
1264;562;572;
1265;528;538;
1266;583;593;
1267;628;638;
1268;596;606;
1269;219;229;
1270;562;572;
1271;670;680;
1272;273;283;
1273;702;712;
1274;704;714;
1275;631;641;
1276;673;683;
1277;615;625;
1278;649;659;
1279;702;712;
1280;685;695;
1281;306;316;
1282;649;659;
1283;546;556;
1284;273;283;
1285;683;693;
1286;560;570;
1287;609;619;
1288;594;604;
1289;528;538;
1290;219;229;
1291;664;674;
1292;651;661;
1293;193;203;
1294;562;572;
1295;560;570;
1296;615;625;
1297;675;685;
1298;683;693;
1299;643;653;
1300;702;712;
1301;594;604;
1302;778;788;
1303;724;734;
1304;651;661;
1305;193;203;
1306;704;714;
1307;601;611;
1308;273;283;
1309;738;748;
1310;637;647;
1311;645;655;
1312;704;714;
1313;637;647;
1314;583;593;
1315;719;729;
1316;685;695;
1317;219;229;
1318;649;659;
1319;528;538;
1320;219;229;
1321;741;751;
1322;704;714;
1323;273;283;
1324;673;683;
1325;670;680;
1326;273;283;
1327;670;680;
1328;651;661;
1329;193;203;
1330;704;714;
1331;601;611;
1332;273;283;
1333;738;748;
1334;637;647;
1335;643;653;
1336;704;714;
1337;637;647;
1338;649;659;
1339;719;729;
1340;772;782;
1341;237;247;
1342;649;659;
1343;546;556;
1344;273;283;
1345;675;685;
1346;683;693;
1347;732;742;
1348;724;734;
1349;649;659;
1350;723;733;
1351;688;698;
1352;683;693;
1353;247;257;
1354;704;714;
1355;601;611;
1356;273;283;
1357;670;680;
1358;683;693;
1359;677;687;
1360;757;767;
1361;650;660;
1362;636;646;
1363;757;767;
1364;650;660;
1365;732;742;
1366;688;698;
1367;614;624;
1368;745;755;
1369;709;719;
1370;617;627;
1371;219;229;
1372;607;617;
1373;306;316;
1374;273;283;
1375;670;680;
1376;651;661;
1377;193;203;
1378;670;680;
1379;237;247;
1380;273;283;
1381;683;693;
1382;615;625;
1383;609;619;
1384;670;680;
1385;237;247;
1386;273;283;
1387;719;729;
1388;651;661;
1389;193;203;
1390;670;680;
1391;237;247;
1392;273;283;
1393;757;767;
1394;683;693;
1395;645;655;
1396;725;735;
1397;617;627;
1398;636;646;
1399;725;735;
1400;685;695;
1401;219;229;
1402;615;625;
1403;583;593;
1404;219;229;
1405;683;693;
1406;528;538;
1407;611;621;
1408;528;538;
1409;583;593;
1410;219;229;
1411;664;674;
1412;651;661;
1413;193;203;
1414;617;627;
1415;219;229;
1416;583;593;
1417;704;714;
1418;649;659;
1419;577;587;
1420;607;617;
1421;219;229;
1422;583;593;
1423;670;680;
1424;685;695;
1425;306;316;
1426;615;625;
1427;601;611;
1428;273;283;
1429;719;729;
1430;670;680;
1431;631;641;
1432;670;680;
1433;237;247;
1434;273;283;
1435;719;729;
1436;651;661;
1437;193;203;
1438;670;680;
1439;237;247;
1440;273;283;
1441;702;712;
1442;738;748;
1443;665;675;
1444;725;735;
1445;649;659;
1446;691;701;
1447;725;735;
1448;683;693;
1449;219;229;
1450;670;680;
1451;273;283;
1452;583;593;
1453;683;693;
1454;528;538;
1455;645;655;
1456;615;625;
1457;583;593;
1458;219;229;
1459;683;693;
1460;596;606;
1461;193;203;
1462;560;570;
1463;583;593;
1464;219;229;
1465;675;685;
1466;562;572;
1467;577;587;
1468;641;651;
1469;583;593;
1470;583;593;
1471;704;714;
1472;596;606;
1473;193;203;
1474;670;680;
1475;237;247;
1476;273;283;
1477;683;693;
1478;615;625;
1479;609;619;
1480;670;680;
1481;237;247;
1482;273;283;
1483;719;729;
1484;651;661;
1485;193;203;
1486;670;680;
1487;237;247;
1488;273;283;
1489;757;767;
1490;683;693;
1491;645;655;
1492;725;735;
1493;649;659;
1494;636;646;
1495;725;735;
1496;717;727;
1497;219;229;
1498;615;625;
1499;583;593;
1500;219;229;
1501;683;693;
1502;528;538;
1503;698;708;
1504;582;592;
1505;583;593;
1506;219;229;
1507;664;674;
1508;596;606;
1509;219;229;
1510;617;627;
1511;583;593;
1512;528;538;
1513;709;719;
1514;649;659;
1515;609;619;
1516;607;617;
1517;560;570;
1518;528;538;
1519;583;593;
1520;528;538;
1521;528;538;
1522;583;593;
1523;528;538;
1524;583;593;
1525;583;593;
1526;528;538;
1527;583;593;
1528;583;593;
1529;528;538;
1530;583;593;
1531;636;646;
1532;589;599;
1533;630;640;
1534;636;646;
1535;562;572;
1536;663;673;
1537;589;599;
1538;651;661;
1539;596;606;
1540;636;646;
1541;562;572;
1542;636;646;
1543;562;572;
1544;630;640;
1545;630;640;
1546;691;701;
1547;562;572;
1548;636;646;
1549;623;633;
1550;651;661;
1551;596;606;
1552;670;680;
1553;589;599;
1554;596;606;
1555;670;680;
1556;630;640;
1557;630;640;
1558;636;646;
1559;596;606;
1560;596;606;
1561;697;707;
1562;649;659;
1563;656;666;
1564;641;651;
1565;615;625;
1566;615;625;
1567;723;733;
1568;669;679;
1569;273;283;
1570;689;699;
1571;601;611;
1572;637;647;
1573;655;665;
1574;237;247;
1575;669;679;
1576;566;576;
1577;546;556;
1578;237;247;
1579;654;664;
1580;614;624;
1581;273;283;
1582;560;570;
1583;670;680;
1584;637;647;
1585;723;733;
1586;669;679;
1587;663;673;
1588;743;753;
1589;635;645;
1590;654;664;
1591;688;698;
1592;703;713;
1593;237;247;
1594;615;625;
1595;601;611;
1596;237;247;
1597;669;679;
1598;546;556;
1599;629;639;
1600;546;556;
1601;601;611;
1602;237;247;
1603;682;692;
1604;669;679;
1605;211;221;
1606;635;645;
1607;237;247;
1608;601;611;
1609;727;737;
1610;635;645;
1611;237;247;
1612;661;671;
1613;306;316;
1614;273;283;
1615;757;767;
1616;669;679;
1617;247;257;
1618;670;680;
1619;237;247;
1620;273;283;
1621;738;748;
1622;601;611;
1623;631;641;
1624;670;680;
1625;237;247;
1626;273;283;
1627;719;729;
1628;738;748;
1629;247;257;
1630;670;680;
1631;237;247;
1632;273;283;
1633;791;801;
1634;669;679;
1635;629;639;
1636;743;753;
1637;649;659;
1638;709;719;
1639;724;734;
1640;738;748;
1641;247;257;
1642;670;680;
1643;237;247;
1644;273;283;
1645;738;748;
1646;546;556;
1647;663;673;
1648;635;645;
1649;601;611;
1650;601;611;
1651;614;624;
1652;614;624;
1653;237;247;
1654;671;681;
1655;306;316;
1656;273;283;
1657;725;735;
1658;704;714;
1659;595;605;
1660;639;649;
1661;237;247;
1662;637;647;
1663;757;767;
1664;739;749;
1665;306;316;
1666;615;625;
1667;601;611;
1668;237;247;
1669;683;693;
1670;546;556;
1671;609;619;
1672;560;570;
1673;601;611;
1674;237;247;
1675;682;692;
1676;669;679;
1677;211;221;
1678;671;681;
1679;306;316;
1680;637;647;
1681;707;717;
1682;683;693;
1683;698;708;
1684;743;753;
1685;649;659;
1686;745;755;
1687;702;712;
1688;738;748;
1689;247;257;
1690;670;680;
1691;237;247;
1692;273;283;
1693;738;748;
1694;601;611;
1695;699;709;
1696;670;680;
1697;273;283;
1698;670;680;
1699;737;747;
1700;703;713;
1701;237;247;
1702;615;625;
1703;601;611;
1704;237;247;
1705;763;773;
1706;704;714;
1707;237;247;
1708;661;671;
1709;306;316;
1710;273;283;
1711;757;767;
1712;669;679;
1713;247;257;
1714;670;680;
1715;237;247;
1716;273;283;
1717;738;748;
1718;637;647;
1719;643;653;
1720;670;680;
1721;273;283;
1722;670;680;
1723;702;712;
1724;703;713;
1725;237;247;
1726;615;625;
1727;601;611;
1728;237;247;
1729;693;703;
1730;705;715;
1731;698;708;
1732;743;753;
1733;649;659;
1734;709;719;
1735;724;734;
1736;738;748;
1737;247;257;
1738;670;680;
1739;237;247;
1740;273;283;
1741;725;735;
1742;738;748;
1743;663;673;
1744;743;753;
1745;649;659;
1746;654;664;
1747;688;698;
1748;614;624;
1749;663;673;
1750;757;767;
1751;580;590;
1752;723;733;
1753;727;737;
1754;580;590;
1755;595;605;
1756;659;669;
1757;601;611;
1758;601;611;
1759;722;732;
1760;614;624;
1761;247;257;
1762;615;625;
1763;670;680;
1764;273;283;
1765;683;693;
1766;615;625;
1767;609;619;
1768;615;625;
1769;670;680;
1770;273;283;
1771;719;729;
1772;738;748;
1773;237;247;
1774;615;625;
1775;237;247;
1776;601;611;
1777;743;753;
1778;614;624;
1779;663;673;
1780;743;753;
1781;580;590;
1782;709;719;
1783;743;753;
1784;614;624;
1785;211;221;
1786;546;556;
1787;601;611;
1788;237;247;
1789;614;624;
1790;601;611;
1791;629;639;
1792;635;645;
1793;237;247;
1794;601;611;
1795;682;692;
1796;653;663;
1797;237;247;
1798;635;645;
1799;601;611;
1800;601;611;
1801;720;730;
1802;649;659;
1803;595;605;
1804;661;671;
1805;306;316;
1806;637;647;
1807;757;767;
1808;703;713;
1809;237;247;
1810;615;625;
1811;601;611;
1812;237;247;
1813;723;733;
1814;670;680;
1815;631;641;
1816;615;625;
1817;670;680;
1818;273;283;
1819;719;729;
1820;738;748;
1821;247;257;
1822;615;625;
1823;670;680;
1824;273;283;
1825;702;712;
1826;738;748;
1827;665;675;
1828;757;767;
1829;704;714;
1830;723;733;
1831;743;753;
1832;669;679;
1833;247;257;
1834;615;625;
1835;670;680;
1836;273;283;
1837;683;693;
1838;615;625;
1839;663;673;
1840;635;645;
1841;601;611;
1842;601;611;
1843;669;679;
1844;669;679;
1845;247;257;
1846;615;625;
1847;670;680;
1848;273;283;
1849;757;767;
1850;649;659;
1851;237;247;
1852;661;671;
1853;670;680;
1854;273;283;
1855;757;767;
1856;669;679;
1857;247;257;
1858;615;625;
1859;670;680;
1860;273;283;
1861;683;693;
1862;615;625;
1863;698;708;
1864;615;625;
1865;237;247;
1866;601;611;
1867;737;747;
1868;703;713;
1869;237;247;
1870;615;625;
1871;601;611;
1872;237;247;
1873;757;767;
1874;614;624;
1875;643;653;
1876;688;698;
1877;580;590;
1878;723;733;
1879;688;698;
1880;614;624;
1881;237;247;
1882;635;645;
1883;601;611;
1884;546;556;
1885;737;747;
1886;615;625;
1887;699;709;
1888;615;625;
1889;306;316;
1890;637;647;
1891;719;729;
1892;717;727;
1893;306;316;
1894;615;625;
1895;601;611;
1896;273;283;
1897;757;767;
1898;580;590;
1899;237;247;
1900;625;635;
1901;601;611;
1902;237;247;
1903;722;732;
1904;650;660;
1905;306;316;
1906;635;645;
1907;637;647;
1908;615;625;
1909;650;660;
1910;615;625;
1911;698;708;
1912;615;625;
1913;237;247;
1914;637;647;
1915;751;761;
1916;717;727;
1917;237;247;
1918;635;645;
1919;601;611;
1920;601;611;
1921;720;730;
1922;683;693;
1923;643;653;
1924;681;691;
1925;649;659;
1926;723;733;
1927;729;739;
1928;738;748;
1929;247;257;
1930;649;659;
1931;670;680;
1932;273;283;
1933;756;766;
1934;615;625;
1935;643;653;
1936;671;681;
1937;670;680;
1938;273;283;
1939;719;729;
1940;738;748;
1941;211;221;
1942;671;681;
1943;670;680;
1944;273;283;
1945;789;799;
1946;580;590;
1947;595;605;
1948;729;739;
1949;670;680;
1950;273;283;
1951;725;735;
1952;738;748;
1953;247;257;
1954;704;714;
1955;601;611;
1956;273;283;
1957;683;693;
1958;615;625;
1959;609;619;
1960;704;714;
1961;601;611;
1962;273;283;
1963;719;729;
1964;738;748;
1965;273;283;
1966;704;714;
1967;637;647;
1968;649;659;
1969;725;735;
1970;628;638;
1971;732;742;
1972;688;698;
1973;614;624;
1974;709;719;
1975;688;698;
1976;614;624;
1977;211;221;
1978;580;590;
1979;546;556;
1980;237;247;
1981;614;624;
1982;615;625;
1983;629;639;
1984;580;590;
1985;560;570;
1986;601;611;
1987;682;692;
1988;669;679;
1989;273;283;
1990;704;714;
1991;637;647;
1992;649;659;
1993;741;751;
1994;704;714;
1995;273;283;
1996;673;683;
1997;670;680;
1998;273;283;
1999;757;767;
2000;669;679;
2001;247;257;
2002;704;714;
2003;601;611;
2004;273;283;
2005;738;748;
2006;637;647;
2007;643;653;
2008;704;714;
2009;637;647;
2010;649;659;
2011;702;712;
2012;772;782;
2013;237;247;
2014;649;659;
2015;546;556;
2016;237;247;
2017;763;773;
2018;738;748;
2019;665;675;
2020;702;712;
2021;649;659;
2022;723;733;
2023;688;698;
2024;683;693;
2025;247;257;
2026;704;714;
2027;601;611;
2028;273;283;
2029;738;748;
2030;582;592;
2031;732;742;
2032;580;590;
2033;546;556;
2034;601;611;
2035;628;638;
2036;614;624;
2037;237;247;
2038;616;626;
2039;670;680;
2040;273;283;
2041;702;712;
2042;704;714;
2043;631;641;
2044;673;683;
2045;615;625;
2046;649;659;
2047;702;712;
2048;717;727;
2049;306;316;
2050;649;659;
2051;546;556;
2052;273;283;
2053;683;693;
2054;560;570;
2055;609;619;
2056;594;604;
2057;615;625;
2058;237;247;
2059;682;692;
2060;669;679;
2061;211;221;
2062;580;590;
2063;560;570;
2064;615;625;
2065;729;739;
2066;683;693;
2067;643;653;
2068;702;712;
2069;594;604;
2070;778;788;
2071;724;734;
2072;738;748;
2073;247;257;
2074;704;714;
2075;601;611;
2076;273;283;
2077;738;748;
2078;637;647;
2079;677;687;
2080;704;714;
2081;637;647;
2082;670;680;
2083;737;747;
2084;703;713;
2085;237;247;
2086;649;659;
2087;546;556;
2088;273;283;
2089;741;751;
2090;704;714;
2091;273;283;
2092;673;683;
2093;670;680;
2094;273;283;
2095;757;767;
2096;669;679;
2097;247;257;
2098;704;714;
2099;601;611;
2100;273;283;
2101;738;748;
2102;637;647;
2103;643;653;
2104;704;714;
2105;637;647;
2106;649;659;
2107;751;761;
2108;772;782;
2109;237;247;
2110;649;659;
2111;546;556;
2112;273;283;
2113;707;717;
2114;683;693;
2115;732;742;
2116;724;734;
2117;649;659;
2118;723;733;
2119;688;698;
2120;683;693;
2121;247;257;
2122;704;714;
2123;601;611;
2124;273;283;
2125;702;712;
2126;683;693;
2127;677;687;
2128;757;767;
2129;650;660;
2130;668;678;
2131;757;767;
2132;650;660;
2133;732;742;
2134;688;698;
2135;614;624;
2136;745;755;
2137;796;806;
2138;635;645;
2139;237;247;
2140;661;671;
2141;306;316;
2142;273;283;
2143;757;767;
2144;669;679;
2145;247;257;
2146;670;680;
2147;237;247;
2148;273;283;
2149;683;693;
2150;615;625;
2151;609;619;
2152;670;680;
2153;237;247;
2154;273;283;
2155;719;729;
2156;738;748;
2157;247;257;
2158;670;680;
2159;237;247;
2160;273;283;
2161;757;767;
2162;683;693;
2163;732;742;
2164;743;753;
2165;635;645;
2166;654;664;
2167;743;753;
2168;703;713;
2169;237;247;
2170;615;625;
2171;601;611;
2172;237;247;
2173;683;693;
2174;546;556;
2175;629;639;
2176;546;556;
2177;601;611;
2178;237;247;
2179;682;692;
2180;669;679;
2181;211;221;
2182;635;645;
2183;237;247;
2184;601;611;
2185;722;732;
2186;649;659;
2187;595;605;
2188;625;635;
2189;237;247;
2190;601;611;
2191;688;698;
2192;739;749;
2193;306;316;
2194;615;625;
2195;601;611;
2196;273;283;
2197;751;761;
2198;670;680;
2199;631;641;
2200;670;680;
2201;237;247;
2202;273;283;
2203;719;729;
2204;738;748;
2205;247;257;
2206;670;680;
2207;237;247;
2208;273;283;
2209;702;712;
2210;738;748;
2211;665;675;
2212;725;735;
2213;649;659;
2214;778;788;
2215;743;753;
2216;683;693;
2217;273;283;
2218;670;680;
2219;273;283;
2220;670;680;
2221;683;693;
2222;546;556;
2223;663;673;
2224;615;625;
2225;601;611;
2226;237;247;
2227;683;693;
2228;614;624;
2229;211;221;
2230;560;570;
2231;601;611;
2232;237;247;
2233;693;703;
2234;580;590;
2235;595;605;
2236;659;669;
2237;601;611;
2238;601;611;
2239;722;732;
2240;614;624;
2241;247;257;
2242;670;680;
2243;237;247;
2244;273;283;
2245;683;693;
2246;615;625;
2247;609;619;
2248;670;680;
2249;237;247;
2250;273;283;
2251;719;729;
2252;738;748;
2253;247;257;
2254;670;680;
2255;237;247;
2256;273;283;
2257;757;767;
2258;683;693;
2259;732;742;
2260;743;753;
2261;649;659;
2262;654;664;
2263;743;753;
2264;717;727;
2265;237;247;
2266;615;625;
2267;601;611;
2268;237;247;
2269;683;693;
2270;582;592;
2271;698;708;
2272;582;592;
2273;670;680;
2274;237;247;
2275;682;692;
2276;614;624;
2277;237;247;
2278;635;645;
2279;601;611;
2280;546;556;
2281;727;737;
2282;649;659;
2283;609;619;
2284;625;635;
2285;560;570;
2286;546;556;
2287;601;611;
2288;546;556;
2289;546;556;
2290;601;611;
2291;546;556;
2292;601;611;
2293;601;611;
2294;546;556;
2295;601;611;
2296;601;611;
2297;546;556;
2298;601;611;
2299;654;664;
2300;607;617;
2301;648;658;
2302;654;664;
2303;580;590;
2304;681;691;
2305;607;617;
2306;669;679;
2307;614;624;
2308;654;664;
2309;580;590;
2310;654;664;
2311;580;590;
2312;648;658;
2313;648;658;
2314;709;719;
2315;580;590;
2316;654;664;
2317;641;651;
2318;669;679;
2319;614;624;
2320;688;698;
2321;607;617;
2322;614;624;
2323;688;698;
2324;648;658;
2325;648;658;
2326;654;664;
2327;614;624;
2328;650;660;
2329;702;712;
2330;664;674;
2331;636;646;
2332;636;646;
2333;615;625;
2334;219;229;
2335;709;719;
2336;630;640;
2337;583;593;
2338;636;646;
2339;615;625;
2340;219;229;
2341;636;646;
2342;562;572;
2343;562;572;
2344;562;572;
2345;528;538;
2346;219;229;
2347;664;674;
2348;630;640;
2349;583;593;
2350;562;572;
2351;615;625;
2352;219;229;
2353;675;685;
2354;562;572;
2355;645;655;
2356;670;680;
2357;649;659;
2358;691;701;
2359;709;719;
2360;596;606;
2361;219;229;
2362;617;627;
2363;583;593;
2364;219;229;
2365;641;651;
2366;562;572;
2367;611;621;
2368;602;612;
2369;306;316;
2370;273;283;
2371;698;708;
2372;645;655;
2373;219;229;
2374;528;538;
2375;306;316;
2376;273;283;
2377;709;719;
2378;596;606;
2379;494;504;
2380;651;661;
2381;306;316;
2382;273;283;
2383;698;708;
2384;562;572;
2385;193;203;
2386;651;661;
2387;306;316;
2388;273;283;
2389;607;617;
2390;494;504;
2391;609;619;
2392;602;612;
2393;306;316;
2394;273;283;
2395;698;708;
2396;651;661;
2397;219;229;
2398;670;680;
2399;237;247;
2400;273;283;
2401;675;685;
2402;596;606;
2403;568;578;
2404;675;685;
2405;649;659;
2406;691;701;
2407;675;685;
2408;649;659;
2409;211;221;
2410;705;715;
2411;306;316;
2412;273;283;
2413;641;651;
2414;219;229;
2415;611;621;
2416;534;544;
2417;306;316;
2418;273;283;
2419;719;729;
2420;649;659;
2421;211;221;
2422;705;715;
2423;306;316;
2424;273;283;
2425;709;719;
2426;596;606;
2427;577;587;
2428;596;606;
2429;583;593;
2430;219;229;
2431;664;674;
2432;649;659;
2433;247;257;
2434;670;680;
2435;237;247;
2436;273;283;
2437;641;651;
2438;528;538;
2439;611;621;
2440;602;612;
2441;306;316;
2442;273;283;
2443;698;708;
2444;596;606;
2445;219;229;
2446;683;693;
2447;306;316;
2448;273;283;
2449;675;685;
2450;649;659;
2451;699;709;
2452;630;640;
2453;562;572;
2454;562;572;
2455;730;740;
2456;683;693;
2457;273;283;
2458;683;693;
2459;306;316;
2460;273;283;
2461;641;651;
2462;562;572;
2463;611;621;
2464;602;612;
2465;306;316;
2466;273;283;
2467;785;795;
2468;663;673;
2469;273;283;
2470;704;714;
2471;601;611;
2472;273;283;
2473;675;685;
2474;683;693;
2475;548;558;
2476;596;606;
2477;306;316;
2478;273;283;
2479;698;708;
2480;649;659;
2481;247;257;
2482;670;680;
2483;237;247;
2484;273;283;
2485;694;704;
2486;548;558;
2487;609;619;
2488;602;612;
2489;306;316;
2490;273;283;
2491;730;740;
2492;685;695;
2493;219;229;
2494;683;693;
2495;306;316;
2496;273;283;
2497;675;685;
2498;528;538;
2499;611;621;
2500;670;680;
2501;649;659;
2502;691;701;
2503;675;685;
2504;649;659;
2505;247;257;
2506;670;680;
2507;237;247;
2508;273;283;
2509;673;683;
2510;528;538;
2511;643;653;
2512;602;612;
2513;306;316;
2514;273;283;
2515;751;761;
2516;611;621;
2517;193;203;
2518;560;570;
2519;306;316;
2520;273;283;
2521;709;719;
2522;596;606;
2523;577;587;
2524;596;606;
2525;670;680;
2526;273;283;
2527;698;708;
2528;596;606;
2529;219;229;
2530;651;661;
2531;670;680;
2532;273;283;
2533;641;651;
2534;528;538;
2535;611;621;
2536;568;578;
2537;670;680;
2538;273;283;
2539;596;606;
2540;596;606;
2541;219;229;
2542;683;693;
2543;670;680;
2544;273;283;
2545;709;719;
2546;562;572;
2547;645;655;
2548;670;680;
2549;649;659;
2550;691;701;
2551;709;719;
2552;683;693;
2553;273;283;
2554;617;627;
2555;670;680;
2556;273;283;
2557;641;651;
2558;562;572;
2559;611;621;
2560;602;612;
2561;670;680;
2562;273;283;
2563;698;708;
2564;645;655;
2565;306;316;
2566;705;715;
2567;670;680;
2568;273;283;
2569;709;719;
2570;562;572;
2571;219;229;
2572;651;661;
2573;670;680;
2574;273;283;
2575;698;708;
2576;562;572;
2577;193;203;
2578;683;693;
2579;670;680;
2580;273;283;
2581;607;617;
2582;526;536;
2583;609;619;
2584;602;612;
2585;670;680;
2586;273;283;
2587;698;708;
2588;611;621;
2589;193;203;
2590;615;625;
2591;670;680;
2592;273;283;
2593;709;719;
2594;596;606;
2595;568;578;
2596;675;685;
2597;649;659;
2598;691;701;
2599;641;651;
2600;649;659;
2601;247;257;
2602;683;693;
2603;670;680;
2604;273;283;
2605;641;651;
2606;219;229;
2607;611;621;
2608;534;544;
2609;670;680;
2610;273;283;
2611;719;729;
2612;649;659;
2613;247;257;
2614;683;693;
2615;670;680;
2616;273;283;
2617;709;719;
2618;683;693;
2619;631;641;
2620;596;606;
2621;583;593;
2622;219;229;
2623;664;674;
2624;738;748;
2625;247;257;
2626;615;625;
2627;670;680;
2628;273;283;
2629;728;738;
2630;546;556;
2631;665;675;
2632;602;612;
2633;670;680;
2634;273;283;
2635;698;708;
2636;683;693;
2637;273;283;
2638;683;693;
2639;670;680;
2640;273;283;
2641;709;719;
2642;649;659;
2643;699;709;
2644;630;640;
2645;594;604;
2646;562;572;
2647;698;708;
2648;683;693;
2649;237;247;
2650;705;715;
2651;670;680;
2652;273;283;
2653;641;651;
2654;562;572;
2655;611;621;
2656;602;612;
2657;670;680;
2658;273;283;
2659;698;708;
2660;677;687;
2661;219;229;
2662;649;659;
2663;670;680;
2664;273;283;
2665;675;685;
2666;649;659;
2667;273;283;
2668;628;638;
2669;670;680;
2670;273;283;
2671;698;708;
2672;649;659;
2673;247;257;
2674;615;625;
2675;670;680;
2676;273;283;
2677;639;649;
2678;526;536;
2679;609;619;
2680;602;612;
2681;670;680;
2682;273;283;
2683;730;740;
2684;562;572;
2685;193;203;
2686;683;693;
2687;670;680;
2688;273;283;
2689;709;719;
2690;615;625;
2691;665;675;
2692;596;606;
2693;649;659;
2694;594;604;
2695;730;740;
2696;649;659;
2697;247;257;
2698;683;693;
2699;670;680;
2700;273;283;
2701;709;719;
2702;596;606;
2703;568;578;
2704;675;685;
2705;649;659;
2706;691;701;
2707;709;719;
2708;615;625;
2709;665;675;
2710;762;772;
2711;649;659;
2712;745;755;
2713;702;712;
2714;664;674;
2715;723;733;
2716;654;664;
2717;615;625;
2718;273;283;
2719;675;685;
2720;630;640;
2721;670;680;
2722;654;664;
2723;615;625;
2724;273;283;
2725;636;646;
2726;649;659;
2727;616;626;
2728;602;612;
2729;615;625;
2730;273;283;
2731;596;606;
2732;630;640;
2733;670;680;
2734;580;590;
2735;615;625;
2736;273;283;
2737;709;719;
2738;649;659;
2739;699;709;
2740;704;714;
2741;594;604;
2742;691;701;
2743;709;719;
2744;596;606;
2745;219;229;
2746;562;572;
2747;528;538;
2748;219;229;
2749;641;651;
2750;562;572;
2751;643;653;
2752;636;646;
2753;670;680;
2754;273;283;
2755;698;708;
2756;645;655;
2757;219;229;
2758;562;572;
2759;670;680;
2760;273;283;
2761;709;719;
2762;562;572;
2763;219;229;
2764;596;606;
2765;670;680;
2766;273;283;
2767;698;708;
2768;562;572;
2769;193;203;
2770;596;606;
2771;670;680;
2772;273;283;
2773;607;617;
2774;526;536;
2775;609;619;
2776;636;646;
2777;670;680;
2778;273;283;
2779;698;708;
2780;611;621;
2781;193;203;
2782;704;714;
2783;601;611;
2784;273;283;
2785;704;714;
2786;596;606;
2787;600;610;
2788;709;719;
2789;594;604;
2790;691;701;
2791;675;685;
2792;649;659;
2793;211;221;
2794;650;660;
2795;670;680;
2796;273;283;
2797;641;651;
2798;219;229;
2799;611;621;
2800;568;578;
2801;670;680;
2802;273;283;
2803;751;761;
2804;649;659;
2805;211;221;
2806;650;660;
2807;670;680;
2808;273;283;
2809;709;719;
2810;596;606;
2811;577;587;
2812;630;640;
2813;528;538;
2814;219;229;
2815;630;640;
2816;738;748;
2817;247;257;
2818;704;714;
2819;601;611;
2820;273;283;
2821;641;651;
2822;615;625;
2823;665;675;
2824;636;646;
2825;670;680;
2826;273;283;
2827;719;729;
2828;596;606;
2829;219;229;
2830;628;638;
2831;670;680;
2832;273;283;
2833;709;719;
2834;649;659;
2835;699;709;
2836;623;633;
2837;596;606;
2838;562;572;
2839;664;674;
2840;683;693;
2841;273;283;
2842;628;638;
2843;670;680;
2844;273;283;
2845;641;651;
2846;562;572;
2847;643;653;
2848;636;646;
2849;670;680;
2850;273;283;
2851;698;708;
2852;732;742;
2853;273;283;
2854;649;659;
2855;546;556;
2856;273;283;
2857;670;680;
2858;649;659;
2859;273;283;
2860;630;640;
2861;670;680;
2862;273;283;
2863;698;708;
2864;649;659;
2865;247;257;
2866;704;714;
2867;601;611;
2868;273;283;
2869;639;649;
2870;526;536;
2871;609;619;
2872;636;646;
2873;670;680;
2874;273;283;
2875;730;740;
2876;562;572;
2877;193;203;
2878;628;638;
2879;670;680;
2880;273;283;
2881;709;719;
2882;615;625;
2883;665;675;
2884;630;640;
2885;594;604;
2886;723;733;
2887;719;729;
2888;649;659;
2889;211;221;
2890;650;660;
2891;670;680;
2892;273;283;
2893;673;683;
2894;528;538;
2895;609;619;
2896;636;646;
2897;670;680;
2898;273;283;
2899;719;729;
2900;611;621;
2901;193;203;
2902;594;604;
2903;670;680;
2904;273;283;
2905;709;719;
2906;596;606;
2907;577;587;
2908;596;606;
2909;306;316;
2910;273;283;
2911;698;708;
2912;596;606;
2913;219;229;
2914;651;661;
2915;306;316;
2916;273;283;
2917;641;651;
2918;528;538;
2919;611;621;
2920;617;627;
2921;583;593;
2922;219;229;
2923;628;638;
2924;596;606;
2925;219;229;
2926;683;693;
2927;306;316;
2928;273;283;
2929;709;719;
2930;562;572;
2931;645;655;
2932;670;680;
2933;649;659;
2934;691;701;
2935;675;685;
2936;683;693;
2937;273;283;
2938;704;714;
2939;601;611;
2940;273;283;
2941;641;651;
2942;562;572;
2943;611;621;
2944;628;638;
2945;306;316;
2946;273;283;
2947;698;708;
2948;645;655;
2949;306;316;
2950;705;715;
2951;306;316;
2952;273;283;
2953;709;719;
2954;562;572;
2955;219;229;
2956;651;661;
2957;306;316;
2958;273;283;
2959;698;708;
2960;562;572;
2961;193;203;
2962;683;693;
2963;306;316;
2964;273;283;
2965;607;617;
2966;526;536;
2967;609;619;
2968;628;638;
2969;306;316;
2970;273;283;
2971;698;708;
2972;611;621;
2973;193;203;
2974;670;680;
2975;237;247;
2976;273;283;
2977;704;714;
2978;596;606;
2979;600;610;
2980;675;685;
2981;649;659;
2982;691;701;
2983;641;651;
2984;649;659;
2985;247;257;
2986;683;693;
2987;306;316;
2988;273;283;
2989;641;651;
2990;219;229;
2991;611;621;
2992;670;680;
2993;237;247;
2994;273;283;
2995;596;606;
2996;649;659;
2997;247;257;
2998;683;693;
2999;306;316;
3000;273;283;
3001;709;719;
3002;683;693;
3003;631;641;
3004;596;606;
3005;583;593;
3006;219;229;
3007;664;674;
3008;649;659;
3009;247;257;
3010;670;680;
3011;237;247;
3012;273;283;
3013;641;651;
3014;615;625;
3015;665;675;
3016;628;638;
3017;306;316;
3018;273;283;
3019;719;729;
3020;683;693;
3021;273;283;
3022;683;693;
3023;306;316;
3024;273;283;
3025;709;719;
3026;649;659;
3027;699;709;
3028;630;640;
3029;562;572;
3030;562;572;
3031;630;640;
3032;683;693;
3033;237;247;
3034;705;715;
3035;306;316;
3036;273;283;
3037;641;651;
3038;562;572;
3039;611;621;
3040;628;638;
3041;306;316;
3042;273;283;
3043;698;708;
3044;677;687;
3045;219;229;
3046;704;714;
3047;601;611;
3048;273;283;
3049;704;714;
3050;596;606;
3051;528;538;
3052;630;640;
3053;528;538;
3054;583;593;
3055;583;593;
3056;583;593;
3057;583;593;
3058;583;593;
3059;583;593;
3060;583;593;
3061;534;544;
3062;583;593;
3063;528;538;
3064;583;593;
3065;528;538;
3066;583;593;
3067;528;538;
3068;583;593;
3069;528;538;
3070;583;593;
3071;562;572;
